{
  "pt-br": {
    "titulo": "Limpador de Histórico",
    "descricao": "Ferramenta para limpar itens específicos ou todo o histórico de navegação do navegador.",
    "limpar": "Limpar",
    "limparTitle": "Apagar registros contendo este texto",
    "limparAll": "Limpar Tudo",
    "limparAllTitle": "Limpar todos os registros",
    "descricaoSelecione": "Selecione um item recente ou digite abaixo",
    "placeholder": "Digite o termo para limpar...",
    "placeholderTitle": "Todos os registros contendo este texto serão apagados",
    "desenvolvidopor": "Desenvolvido por",
    "desenvolvidoporTitle": "Link para Github de Gustavo Vieira - Gusvioli",
    "interrogacaoTitle": "O item selecionado será preenchido abaixo",
    "erroNenhumValorInserido": "Por favor, digite algo para limpar.",
    "erroLimite128": "O termo é muito longo (máx. 128 caracteres).",
    "erroNenhumHistoricoEncontrado": "Nenhum registro encontrado no histórico.",
    "temCertezaDeletarHistorico": "Atenção! Deseja realmente apagar TODO o histórico? Isso não pode ser desfeito.",
    "confirmarSim": "Sim",
    "confirmarNao": "Não",
    "exclusaoOk": "Pronto! Todo o histórico foi limpo com sucesso.",
    "tamHistorico": "O tamanho do histórico é ",
    "itemHistorico": ["Registros com ", " apagados. Total: ", " item(ns)."],
    "ItemNaoEncontrado": ["Item ", " não encontrado."],
    "histexport": "Exportar"
  },
  "en": {
    "titulo": "History Cleaner",
    "descricao": "Tool to clean specific items or the entire browsing history.",
    "limpar": "Clean",
    "limparTitle": "Delete records containing this text",
    "limparAll": "Clean All",
    "limparAllTitle": "Clean all records",
    "descricaoSelecione": "Select a recent item or type below",
    "placeholder": "Enter term to clean...",
    "placeholderTitle": "All records containing this text will be deleted",
    "desenvolvidopor": "Developed by",
    "desenvolvidoporTitle": "Link to Github of Gustavo Vieira - Gusvioli",
    "interrogacaoTitle": "The selected item will be filled below",
    "erroNenhumValorInserido": "Please enter something to clean.",
    "erroLimite128": "Term is too long (max 128 chars).",
    "erroNenhumHistoricoEncontrado": "No history records found.",
    "temCertezaDeletarHistorico": "Warning! Do you really want to delete ALL history? This cannot be undone.",
    "confirmarSim": "Yes",
    "confirmarNao": "No",
    "exclusaoOk": "Done! All history has been successfully deleted.",
    "tamHistorico": "The size of the history is ",
    "itemHistorico": ["Records with ", " deleted. Total: ", " item(s)."],
    "ItemNaoEncontrado": ["Item ", " not found."],
    "histexport": "Export"
  },
  "es": {
    "titulo": "Limpiador de Historial",
    "descricao": "Herramienta para limpiar elementos específicos o todo el historial de navegación.",
    "limpar": "Limpiar",
    "limparTitle": "Borrar registros que contengan este texto",
    "limparAll": "Limpiar Todo",
    "limparAllTitle": "Limpiar todos los registros",
    "descricaoSelecione": "Seleccione un ítem reciente o escriba abajo",
    "placeholder": "Ingrese el término a limpiar...",
    "placeholderTitle": "Todos los registros que contengan este texto serán eliminados",
    "desenvolvidopor": "Desarrollado por",
    "desenvolvidoporTitle": "Enlace a Github de Gustavo Vieira - Gusvioli",
    "interrogacaoTitle": "El elemento seleccionado se completará abajo",
    "erroNenhumValorInserido": "Por favor, ingrese algo para limpiar.",
    "erroLimite128": "El término es demasiado largo (máx. 128 caracteres).",
    "erroNenhumHistoricoEncontrado": "No se encontraron registros en el historial.",
    "temCertezaDeletarHistorico": "¡Atención! ¿Realmente deseas borrar TODO el historial? Esto no se puede deshacer.",
    "confirmarSim": "Sí",
    "confirmarNao": "No",
    "exclusaoOk": "¡Listo! Todo el historial ha sido eliminado correctamente.",
    "tamHistorico": "El tamaño del historial es ",
    "itemHistorico": ["Registros con ", " eliminados. Total: ", " ítem(s)."],
    "ItemNaoEncontrado": ["Elemento ", " no encontrado."],
    "histexport": "Exportar"
  }
}
