{
    "pt-br": {
        "titulo": "Limpador de Histórico",
        "descricao": "Este é um limpador de arquivos que remove arquivos temporários e inúteis do seu computador.",
        "limpar": "Limpar",
        "limparTitle": "Limpar todos os registros que contiverem o texto digitado",
        "limparAll": "Limpar Tudo",
        "limparAllTitle": "Limpar todos os registros",
        "descricaoSelecione": "Selecione o item no histórico que deseja limpar",
        "placeholder": "O que você quer limpar?",
        "placeholderTitle": "A exclusão se dará para todos os registros que contiverem o texto digitado",
        "desenvolvidopor": "Desenvolvido por",
        "desenvolvidoporTitle": "Link para Github de Gustavo Vieira - Gusvioli",
        "interrogacaoTitle": "O item selecionado será adicionado no campo 'O que você quer limpar?",
        "erroNenumValorInserido": "Nenhum valor inserido.",
        "erroLimite128": "Limite de 128 caracteres ultrapassado.",
        "erroNenhumHistoricoEncontrado": "Nenhum histórico encontrado.",
        "temCertezaDeletarHistorico": "Tem certeza de que deseja excluir todo o histórico? Essa ação não poderá ser desfeita.",
        "comfirmarSim": "Sim",
        "comfirmarNao": "Não",
        "excluzaoOk": "Todo o histórico foi excluído com sucesso.",
        "tamHistorico": "O tamanho do histórico é ",
        "itemHistorico": [
            "Histórico com ",
            " excluído(s) com sucesso um total de ",
            "ite(m/n)(s)."
        ],
        "ItemNaoEncontrado": [
            "Item ",
            " não encontrado."
        ]
    },
    "en": {
        "titulo": "History Cleaner",
        "descricao": "This is a file cleaner that removes temporary and useless files from your computer.",
        "limpar": "Clean",
        "limparTitle": "Clean all records containing the entered text",
        "limparAll": "Clean All",
        "limparAllTitle": "Clean all records",
        "descricaoSelecione": "Select the item in the history you want to clean",
        "placeholder": "What do you want to clean?",
        "placeholderTitle": "The deletion will occur for all records containing the entered text",
        "desenvolvidopor": "Developed by",
        "desenvolvidoporTitle": "Link to Github of Gustavo Vieira - Gusvioli",
        "interrogacaoTitle": "The selected item will be added to the 'What do you want to clean?' field",
        "erroNenumValorInserido": "No value entered.",
        "erroLimite128": "128 character limit exceeded.",
        "erroNenhumHistoricoEncontrado": "No history found.",
        "temCertezaDeletarHistorico": "Are you sure you want to delete all history? This action cannot be undone.",
        "comfirmarSim": "Yes",
        "comfirmarNao": "No",
        "excluzaoOk": "All history has been successfully deleted.",
        "tamHistorico": "The size of the history is ",
        "itemHistorico": [
            "History with ",
            " successfully deleted a total of ",
            " item(s)."
        ],
        "ItemNaoEncontrado": [
            "Item ",
            " not found."
        ]
    },
    "es": {
        "titulo": "Limpiador de Historial",
        "descricao": "Este es un limpiador de archivos que elimina archivos temporales e inútiles de su computadora.",
        "limpar": "Limpiar",
        "limparTitle": "Limpiar todos los registros que contengan el texto ingresado",
        "limparAll": "Limpiar Todo",
        "limparAllTitle": "Limpiar todos los registros",
        "descricaoSelecione": "Seleccione el elemento en el historial que desea limpiar",
        "placeholder": "¿Qué quieres limpiar?",
        "placeholderTitle": "La eliminación se producirá para todos los registros que contengan el texto ingresado",
        "desenvolvidopor": "Desarrollado por",
        "desenvolvidoporTitle": "Enlace a Github de Gustavo Vieira - Gusvioli",
        "interrogacaoTitle": "El elemento seleccionado se agregará al campo '¿Qué quieres limpiar?'",
        "erroNenumValorInserido": "Ningún valor ingresado.",
        "erroLimite128": "Se superó el límite de 128 caracteres.",
        "erroNenhumHistoricoEncontrado": "No se encontró historial.",
        "temCertezaDeletarHistorico": "¿Estás seguro de que deseas eliminar todo el historial? Esta acción no se puede deshacer.",
        "comfirmarSim": "Sí",
        "comfirmarNao": "No",
        "excluzaoOk": "Todo el historial se ha eliminado correctamente.",
        "tamHistorico": "El tamaño del historial es ",
        "itemHistorico": [
            "Historial con ",
            " eliminado(s) con éxito un total de ",
            " ítem(s)."
        ],
        "ItemNaoEncontrado": [
            "Elemento ",
            " no encontrado."
        ]
    }
}